id;user_id;name;date;age;gender;religion;rel_2;edu;social;econ;hop;job;country;origin;email;title;question;answer;doctor;consultant_id;jhi_show;paid;impressions
1;28137;portals connecting Small;2021-04-10T13:39:01;Savings throughput Facilitator;dynamic;microchip target;Rubber;Buckinghamshire info-mediaries;Coordinator Lira auxiliary;Verde Buckinghamshire;applications navigate;success users Usability;Chad;Fish morph;Dominic_Ryan93@hotmail.com;Unbranded Regional;applications Jewelery;Fish input;Circles benchmark Planner;70845;false;false;68636
2;50299;Planner connect;2021-04-10T07:57:29;open-source Self-enabling whiteboard;Fish hour;strategy;Liaison microchip Games;visionary Plains;firmware Central blockchains;North;Steel;SMTP Cheese Faso;Mongolia;Licensed Pitcairn;Janessa_Wiegand66@hotmail.com;Future-proofed;Jewelery Frozen Corporate;client-driven;open-source;35110;false;false;28998
3;95049;synthesize;2021-04-10T11:24:47;Nevada Fords invoice;Intuitive Administrator embrace;Kuwait user-centric Bacon;Generic;deploy;cyan;experiences Cambridgeshire;Rubber;Assistant;Vanuatu;backing;Tina.Bayer@gmail.com;Dollar;Mouse;Canadian;Bedfordshire Pula;196;true;false;57603
4;4787;Ridge Handmade;2021-04-10T12:57:19;deposit;withdrawal;redundant;contextually-based Future;Producer Ergonomic Ghana;azure Lilangeni SMS;quantifying;Prairie hard;Market;Brazil;Incredible protocol Security;Kenneth_Wilderman18@yahoo.com;Profit-focused invoice;Refined;Agent strategize;Chips;40180;false;false;31629
5;91887;Grocery Louisiana;2021-04-10T01:10:37;sky Borders Front-line;initiatives wireless;deposit Pizza Executive;granular multi-tasking Ville;efficient port Books;Baby Manor back-end;Keyboard;connecting;Bedfordshire HDD;Guernsey;Automotive hub Metal;Margie.Goodwin@hotmail.com;silver;reboot systems Open-source;innovate platforms payment;Associate withdrawal;76977;true;true;42325
6;48906;Arizona maximize;2021-04-10T03:59:21;payment;Rustic Centralized Persistent;Granite;partnerships;Forward hack withdrawal;Berkshire;Card;pixel Chicken sensor;invoice Oregon Carolina;Saint Kitts and Nevis;Plastic Sleek parse;Kris_Durgan@gmail.com;gold;utilize;national payment Ergonomic;Soft mobile;99151;true;true;74868
7;21159;hack Cambridgeshire Orchestrator;2021-04-10T13:44:11;haptic;instruction Directives groupware;Caribbean Texas;eco-centric Bedfordshire;generating;Fantastic;hard ivory;application;Awesome;Zambia;Orchestrator Factors;Brandon.Kuvalis28@yahoo.com;XML User-friendly;bleeding-edge;exploit Refined quantifying;Towels Right-sized Field;27985;true;false;39170
8;33549;Bedfordshire;2021-04-10T21:33:38;Mauritius HTTP;Loan Berkshire Soap;Customer;Ariary directional brand;Omani Chief maroon;clear-thinking;moratorium primary;cohesive grey Automotive;engine;Western Sahara;innovate (Malvinas);Shany_Champlin84@yahoo.com;override Coordinator multi-state;ability sensor Cambridgeshire;Computers AI Jersey;lime panel open-source;5037;false;false;47598
9;16516;Future firewall copy;2021-04-10T16:36:07;Kids Soap;GB;bypassing;indigo Dynamic sky;Practical calculating;state matrix;synthesize;SQL intuitive Rubber;compressing;Morocco;Group;Verla70@yahoo.com;Card withdrawal relationships;Direct;Ergonomic cross-media;interface Nevada;42584;true;true;77099
10;39789;Refined Principe;2021-04-10T06:45:48;Research;Chair Accountability Pound;application Human invoice;Forward;quantifying;Pants online;XSS AI District;cyan Metal;Borders ADP;Cook Islands;Internal;Conner_Wolff72@hotmail.com;scale Cotton;multi-tasking;invoice Salad Shirt;Investor Rubber;22903;true;true;47088
